age,percent
18 to 24 years,0.7382959769993624
25 to 34 years,10.713565188482848
35 to 44 years,14.623809544847976
45 to 64 years,12.504740489235814
65 years and over,13.672427894724082
