age,Advanced degree,Bachelor's degree,High School diploma,No diploma,Some college
18 to 24 years,0.7382959769993624,9.98707586241836,30.38425693333277,11.036495780261165,47.85387544698834
25 to 34 years,10.713565188482848,25.76999073705433,21.471417579220976,10.963738449803817,31.081288045438033
35 to 44 years,14.623809544847976,22.27063322734435,19.605535041386798,16.824875376664917,26.675146809755955
45 to 64 years,12.504740489235814,19.66967975440877,20.241137387200308,18.42109527647002,29.163347092685086
65 years and over,13.672427894724082,17.787052630485263,20.696618927929997,19.705612845401628,28.13828770145903
